ID,Title,Description,PageCount,Excerpt,PublishDate
"1,""Book  1"",""Book Number 1"",100,""excerpt article 1"",""2022-05-03T19:25:00.000Z"""
"2,""Book  1"",""Book Number 1"",100,""excerpt article 1"",""2022-05-03T19:25:00.000Z"""
"3,""Book  1"",""Book Number 1"",100,""excerpt article 1"",""2022-05-03T19:25:00.000Z"""
"4,""Book  1"",""Book Number 1"",100,""excerpt article 1"",""2022-05-03T19:25:00.000Z"""
"5,""Book  1"",""Book Number 1"",100,""excerpt article 1"",""2022-05-03T19:25:00.000Z"""
"6,""Book  1"",""Book Number 1"",100,""excerpt article 1"",""2022-05-03T19:25:00.000Z"""
"7,""Book  1"",""Book Number 1"",100,""excerpt article 1"",""2022-05-03T19:25:00.000Z"""
"8,""Book  1"",""Book Number 1"",100,""excerpt article 1"",""2022-05-03T19:25:00.000Z"""
"9,""Book  1"",""Book Number 1"",100,""excerpt article 1"",""2022-05-03T19:25:00.000Z"""
"10,""Book  1"",""Book Number 1"",100,""excerpt article 1"",""2022-05-03T19:25:00.000Z"""
